{
  "average_frame_build_time_millis": 1.608206896551724,
  "90th_percentile_frame_build_time_millis": 2.052,
  "99th_percentile_frame_build_time_millis": 12.067,
  "worst_frame_build_time_millis": 12.067,
  "missed_frame_build_budget_count": 0,
  "average_frame_rasterizer_time_millis": 6.750034482758621,
  "90th_percentile_frame_rasterizer_time_millis": 12.276,
  "99th_percentile_frame_rasterizer_time_millis": 35.35,
  "worst_frame_rasterizer_time_millis": 35.35,
  "missed_frame_rasterizer_budget_count": 2,
  "frame_count": 29,
  "frame_rasterizer_count": 29,
  "frame_build_times": [
    2023,
    869,
    1194,
    1553,
    814,
    705,
    1040,
    1126,
    1183,
    3994,
    1874,
    1194,
    758,
    719,
    769,
    1716,
    1782,
    1926,
    12067,
    511,
    637,
    603,
    704,
    679,
    665,
    2052,
    693,
    2227,
    561
  ],
  "frame_rasterizer_times": [
    3146,
    2634,
    3082,
    35350,
    20535,
    3976,
    2677,
    3290,
    2548,
    5719,
    7268,
    12276,
    3472,
    2690,
    3455,
    2306,
    3524,
    7326,
    15594,
    5434,
    5888,
    5981,
    6212,
    5477,
    5639,
    4168,
    6172,
    5457,
    4455
  ],
  "frame_begin_times": [
    0,
    16381,
    33034,
    49575,
    65982,
    99351,
    116264,
    132204,
    150140,
    165603,
    192202,
    206202,
    219222,
    232877,
    248548,
    265590,
    283678,
    299686,
    374634,
    398748,
    415987,
    432837,
    449894,
    465806,
    482662,
    498271,
    516975,
    532574,
    549477
  ],
  "frame_rasterizer_begin_times": [
    0,
    15515,
    32518,
    49113,
    84546,
    105143,
    115485,
    131540,
    149333,
    167613,
    192357,
    205432,
    218019,
    231634,
    247358,
    265533,
    283447,
    300052,
    384779,
    400423,
    414694,
    431527,
    448691,
    464584,
    481432,
    498552,
    515803,
    532555,
    548773
  ],
  "average_vsync_transitions_missed": 2.2,
  "90th_percentile_vsync_transitions_missed": 5.0,
  "99th_percentile_vsync_transitions_missed": 5.0
}