{
  "average_frame_build_time_millis": 1.8634516129032255,
  "90th_percentile_frame_build_time_millis": 2.554,
  "99th_percentile_frame_build_time_millis": 16.549,
  "worst_frame_build_time_millis": 16.549,
  "missed_frame_build_budget_count": 1,
  "average_frame_rasterizer_time_millis": 4.197096774193548,
  "90th_percentile_frame_rasterizer_time_millis": 6.338,
  "99th_percentile_frame_rasterizer_time_millis": 16.746,
  "worst_frame_rasterizer_time_millis": 16.746,
  "missed_frame_rasterizer_budget_count": 1,
  "frame_count": 31,
  "frame_rasterizer_count": 31,
  "frame_build_times": [
    1718,
    598,
    1781,
    2540,
    1649,
    1169,
    2513,
    2321,
    564,
    1445,
    3471,
    2035,
    769,
    672,
    834,
    693,
    798,
    2900,
    750,
    2554,
    16549,
    622,
    609,
    664,
    1702,
    701,
    646,
    663,
    1379,
    1875,
    583
  ],
  "frame_rasterizer_times": [
    1848,
    3196,
    1190,
    16746,
    10247,
    2290,
    2032,
    2904,
    2970,
    3235,
    2413,
    2589,
    6338,
    2907,
    1562,
    3561,
    1809,
    4194,
    2991,
    2505,
    12539,
    2891,
    4007,
    3584,
    3807,
    3578,
    4249,
    4590,
    3945,
    5091,
    4302
  ],
  "frame_begin_times": [
    0,
    16820,
    32049,
    48733,
    66768,
    83399,
    98984,
    115404,
    131731,
    150502,
    167092,
    184525,
    198545,
    215144,
    232048,
    251612,
    265683,
    282852,
    298619,
    318580,
    331864,
    366132,
    382793,
    399849,
    416002,
    432333,
    448888,
    465745,
    481637,
    498294,
    514937
  ],
  "frame_rasterizer_begin_times": [
    0,
    15740,
    32117,
    49513,
    66731,
    82850,
    99775,
    116019,
    130611,
    150256,
    168399,
    184837,
    197635,
    214180,
    231192,
    250686,
    264810,
    283788,
    297710,
    319416,
    346765,
    365813,
    381835,
    398860,
    415992,
    431360,
    447882,
    464756,
    481326,
    498207,
    513879
  ],
  "average_vsync_transitions_missed": 1.0,
  "90th_percentile_vsync_transitions_missed": 1.0,
  "99th_percentile_vsync_transitions_missed": 1.0
}