{
  "average_frame_build_time_millis": 1.598125,
  "90th_percentile_frame_build_time_millis": 2.637,
  "99th_percentile_frame_build_time_millis": 13.283,
  "worst_frame_build_time_millis": 13.283,
  "missed_frame_build_budget_count": 0,
  "average_frame_rasterizer_time_millis": 5.0190312499999985,
  "90th_percentile_frame_rasterizer_time_millis": 7.033,
  "99th_percentile_frame_rasterizer_time_millis": 28.928,
  "worst_frame_rasterizer_time_millis": 28.928,
  "missed_frame_rasterizer_budget_count": 1,
  "frame_count": 32,
  "frame_rasterizer_count": 32,
  "frame_build_times": [
    900,
    2209,
    915,
    2305,
    3802,
    796,
    3367,
    1346,
    1318,
    803,
    2637,
    861,
    1003,
    848,
    921,
    635,
    2083,
    1395,
    882,
    804,
    655,
    708,
    670,
    642,
    1610,
    13283,
    568,
    778,
    747,
    616,
    799,
    234
  ],
  "frame_rasterizer_times": [
    2597,
    2151,
    3008,
    28928,
    14567,
    2506,
    2465,
    2662,
    2620,
    2565,
    3872,
    5007,
    7033,
    2469,
    5613,
    2711,
    2901,
    3550,
    3452,
    3330,
    4270,
    3640,
    3386,
    2752,
    3349,
    13119,
    5902,
    5176,
    2909,
    3823,
    4389,
    3887
  ],
  "frame_begin_times": [
    0,
    16325,
    33087,
    49583,
    68392,
    84037,
    99936,
    116306,
    132706,
    149202,
    166392,
    192687,
    199899,
    215631,
    232527,
    248707,
    265697,
    282571,
    299127,
    315788,
    332415,
    349130,
    365906,
    383751,
    399079,
    432308,
    448833,
    465745,
    482189,
    498479,
    515407,
    532057
  ],
  "frame_rasterizer_begin_times": [
    0,
    17538,
    33084,
    50938,
    79920,
    94576,
    102374,
    116713,
    133094,
    149076,
    168123,
    192665,
    200427,
    215559,
    232541,
    248438,
    266966,
    283058,
    299145,
    315700,
    332201,
    349145,
    365664,
    383525,
    399756,
    444729,
    457933,
    465632,
    482028,
    498428,
    515265,
    531382
  ],
  "average_vsync_transitions_missed": 1.3333333333333333,
  "90th_percentile_vsync_transitions_missed": 2.0,
  "99th_percentile_vsync_transitions_missed": 2.0
}