{
  "average_frame_build_time_millis": 1.2629000000000006,
  "90th_percentile_frame_build_time_millis": 1.366,
  "99th_percentile_frame_build_time_millis": 15.211,
  "worst_frame_build_time_millis": 15.211,
  "missed_frame_build_budget_count": 0,
  "average_frame_rasterizer_time_millis": 3.114133333333333,
  "90th_percentile_frame_rasterizer_time_millis": 3.711,
  "99th_percentile_frame_rasterizer_time_millis": 16.502,
  "worst_frame_rasterizer_time_millis": 16.502,
  "missed_frame_rasterizer_budget_count": 1,
  "frame_count": 30,
  "frame_rasterizer_count": 30,
  "frame_build_times": [
    1043,
    1248,
    630,
    747,
    602,
    543,
    587,
    591,
    698,
    510,
    1391,
    914,
    762,
    860,
    1745,
    1366,
    15211,
    670,
    687,
    655,
    711,
    713,
    725,
    724,
    634,
    621,
    676,
    645,
    775,
    203
  ],
  "frame_rasterizer_times": [
    2173,
    1628,
    12072,
    16502,
    1398,
    1794,
    2018,
    2062,
    1749,
    1553,
    1309,
    1837,
    3050,
    1693,
    1707,
    1750,
    4935,
    2465,
    2411,
    2227,
    1826,
    3261,
    2331,
    3711,
    2672,
    2644,
    2581,
    2532,
    3044,
    2489
  ],
  "frame_begin_times": [
    0,
    16988,
    33573,
    50234,
    67089,
    83267,
    100231,
    116635,
    133404,
    150161,
    166870,
    185071,
    200123,
    216614,
    233475,
    250168,
    266868,
    299675,
    316531,
    333148,
    349648,
    366453,
    383244,
    400510,
    416519,
    432713,
    449450,
    466003,
    482727,
    499538
  ],
  "frame_rasterizer_begin_times": [
    0,
    17062,
    33039,
    50000,
    66538,
    82744,
    99649,
    116051,
    132871,
    149508,
    167324,
    184904,
    200173,
    216297,
    234050,
    250215,
    280914,
    299174,
    316028,
    332631,
    349186,
    365993,
    382802,
    400074,
    415989,
    432169,
    448955,
    465480,
    482254,
    498573
  ],
  "average_vsync_transitions_missed": 1.0,
  "90th_percentile_vsync_transitions_missed": 1.0,
  "99th_percentile_vsync_transitions_missed": 1.0
}