{
  "average_frame_build_time_millis": 1.6292424242424244,
  "90th_percentile_frame_build_time_millis": 2.582,
  "99th_percentile_frame_build_time_millis": 11.371,
  "worst_frame_build_time_millis": 11.371,
  "missed_frame_build_budget_count": 0,
  "average_frame_rasterizer_time_millis": 5.118666666666666,
  "90th_percentile_frame_rasterizer_time_millis": 11.199,
  "99th_percentile_frame_rasterizer_time_millis": 28.963,
  "worst_frame_rasterizer_time_millis": 28.963,
  "missed_frame_rasterizer_budget_count": 1,
  "frame_count": 33,
  "frame_rasterizer_count": 33,
  "frame_build_times": [
    3462,
    1529,
    1441,
    1406,
    3433,
    861,
    929,
    1071,
    2531,
    1911,
    1675,
    1372,
    885,
    842,
    673,
    718,
    818,
    2337,
    1101,
    1088,
    695,
    733,
    1033,
    2582,
    1767,
    11371,
    544,
    711,
    737,
    807,
    1641,
    818,
    243
  ],
  "frame_rasterizer_times": [
    1542,
    2583,
    2313,
    28963,
    13199,
    1831,
    1917,
    1989,
    2231,
    1895,
    2828,
    5374,
    8632,
    2094,
    2090,
    2419,
    2529,
    3498,
    5857,
    5849,
    13880,
    5289,
    4538,
    4882,
    3757,
    11199,
    2182,
    4083,
    4950,
    3570,
    4247,
    3029,
    3677
  ],
  "frame_begin_times": [
    0,
    16994,
    33637,
    50132,
    67029,
    83522,
    99968,
    116264,
    133043,
    150850,
    166407,
    190225,
    200301,
    216265,
    232599,
    249222,
    266494,
    284253,
    299350,
    328680,
    332593,
    349795,
    368836,
    382337,
    399225,
    424769,
    448705,
    465586,
    482137,
    499097,
    516944,
    534646,
    549393
  ],
  "frame_rasterizer_begin_times": [
    0,
    15152,
    31981,
    48154,
    77169,
    90422,
    97527,
    113942,
    132196,
    149327,
    164706,
    188241,
    197815,
    213739,
    229901,
    246577,
    264257,
    283183,
    297092,
    326415,
    332315,
    347220,
    366528,
    381538,
    397535,
    432821,
    445894,
    462928,
    479560,
    496547,
    515201,
    532044,
    546277
  ],
  "average_vsync_transitions_missed": 1.0,
  "90th_percentile_vsync_transitions_missed": 1.0,
  "99th_percentile_vsync_transitions_missed": 1.0
}