{
  "average_frame_build_time_millis": 2.2443,
  "90th_percentile_frame_build_time_millis": 2.843,
  "99th_percentile_frame_build_time_millis": 25.017,
  "worst_frame_build_time_millis": 25.017,
  "missed_frame_build_budget_count": 1,
  "average_frame_rasterizer_time_millis": 5.107866666666667,
  "90th_percentile_frame_rasterizer_time_millis": 9.273,
  "99th_percentile_frame_rasterizer_time_millis": 27.292,
  "worst_frame_rasterizer_time_millis": 27.292,
  "missed_frame_rasterizer_budget_count": 1,
  "frame_count": 30,
  "frame_rasterizer_count": 30,
  "frame_build_times": [
    2843,
    1027,
    1710,
    2151,
    1345,
    3823,
    1667,
    827,
    759,
    782,
    4288,
    2667,
    924,
    990,
    812,
    1065,
    1760,
    25017,
    1214,
    799,
    980,
    674,
    733,
    662,
    2834,
    1180,
    1146,
    1119,
    1210,
    321
  ],
  "frame_rasterizer_times": [
    3119,
    3163,
    2070,
    27292,
    14191,
    1865,
    1942,
    2879,
    3077,
    3218,
    3868,
    3123,
    9273,
    3618,
    2599,
    3318,
    4038,
    10649,
    3067,
    3479,
    2939,
    2850,
    7008,
    3848,
    3567,
    5178,
    4310,
    4822,
    5311,
    3555
  ],
  "frame_begin_times": [
    0,
    17947,
    32867,
    49588,
    67823,
    85359,
    99390,
    116009,
    132310,
    149278,
    167305,
    184853,
    199587,
    215992,
    232473,
    249200,
    266121,
    304370,
    332941,
    348451,
    365395,
    381941,
    398530,
    415237,
    432641,
    449180,
    465581,
    482351,
    499123,
    515804
  ],
  "frame_rasterizer_begin_times": [
    0,
    16148,
    31463,
    48608,
    75956,
    90195,
    97931,
    113720,
    129983,
    146980,
    168320,
    184413,
    198433,
    213900,
    230469,
    247237,
    264811,
    326310,
    337022,
    346168,
    363399,
    379537,
    396173,
    412894,
    432314,
    447248,
    463628,
    480400,
    497394,
    513042
  ],
  "average_vsync_transitions_missed": 1.6666666666666667,
  "90th_percentile_vsync_transitions_missed": 3.0,
  "99th_percentile_vsync_transitions_missed": 3.0
}